ok,total,elapsed_s,throughput_rps,p50_ms,p95_ms,concurrency,gw,label,requests,drivers
100,100,3.684,27.14,6.85,27.94,1,http://localhost:8101,layered,100,200
45,100,0.553,81.37,12.38,30.28,5,http://localhost:8101,layered,100,200
46,100,0.441,104.24,22.23,35.73,10,http://localhost:8101,layered,100,200
27,100,0.387,69.85,42.47,74.32,20,http://localhost:8101,layered,100,200
200,200,7.52,26.6,8.99,27.65,1,http://localhost:8101,layered,200,200
88,200,1.516,58.06,20.24,34.15,5,http://localhost:8101,layered,200,200
54,200,1.322,40.86,39.97,58.31,10,http://localhost:8101,layered,200,200
27,200,1.218,22.17,93.22,124.69,20,http://localhost:8101,layered,200,200
400,400,16.737,23.9,9.56,30.53,1,http://localhost:8101,layered,400,200
170,400,3.458,49.17,22.73,40.14,5,http://localhost:8101,layered,400,200
157,400,3.391,46.31,45.63,71.87,10,http://localhost:8101,layered,400,200
165,400,1.653,99.83,44.68,62.46,20,http://localhost:8101,layered,400,200
800,800,32.295,24.77,8.7,28.79,1,http://localhost:8101,layered,800,200
275,800,6.23,44.14,21.59,37.85,5,http://localhost:8101,layered,800,200
310,800,6.454,48.03,44.44,68.72,10,http://localhost:8101,layered,800,200
214,800,5.453,39.24,85.11,118.51,20,http://localhost:8101,layered,800,200
1600,1600,62.058,25.78,10.5,28.45,1,http://localhost:8101,layered,1600,200
578,1600,8.601,67.2,12.2,31.29,5,http://localhost:8101,layered,1600,200
408,1600,5.839,69.87,23.12,40.81,10,http://localhost:8101,layered,1600,200
0,1600,2.64,0.0,29.74,55.58,20,http://localhost:8101,layered,1600,200
